query,probability,name
gi|1850346067|gb|CP054159.1|,100,Klebsiella michiganensis
gi|1776262296|gb|CP045974.1|,100,Legionella pneumophila
gi|1804509562|gb|CP048108.1|,99.333,Klebsiella michiganensis
gi|1818835183|gb|CP049015.1|,98.639,Citrobacter freundii ATCC 8090 = MTCC 1658 = NBRC 12681
gi|1883296556|gb|CP055934.1|,100,Escherichia coli
gi|1231699112|emb|LT906451.1|,100,Legionella lansingensis
gi|1213408020|gb|CP022117.1|,99.333,Salmonella enterica subsp. enterica serovar Macclesfield str. S-1643
gi|1850204197|gb|CP054049.1|,100,Yersinia kristensenii
gi|1700446172|emb|LR607367.1|,100,Klebsiella michiganensis
gi|1393507009|gb|CP029563.1|,95.364,Legionella anisa
gi|1860447451|gb|CP055130.1|,98.013,Salmonella enterica
gi|1231699112|emb|LT906451.1|,100,Legionella lansingensis
gi|1805973041|gb|CP038868.1|,100,Campylobacter coli
gi|1752751059|gb|CP044175.1|,100,Campylobacter coli
gi|1861270058|gb|CP055247.1|,100,Citrobacter freundii
gi|1776262296|gb|CP045974.1|,100,Legionella pneumophila
gi|1850346067|gb|CP054159.1|,100,Klebsiella michiganensis
gi|1336564284|gb|CP026275.1|,97.744,Klebsiella oxytoca
gi|1336564284|gb|CP026275.1|,96.241,Klebsiella oxytoca
gi|1336564284|gb|CP026275.1|,93.985,Klebsiella oxytoca
gi|1336564284|gb|CP026275.1|,93.617,Klebsiella oxytoca
gi|1336564284|gb|CP026275.1|,89.888,Klebsiella oxytoca
gi|1336564284|gb|CP026275.1|,82.09,Klebsiella oxytoca
gi|1336564284|gb|CP026275.1|,82.09,Klebsiella oxytoca
gi|1336564284|gb|CP026275.1|,81.481,Klebsiella oxytoca
gi|1336564284|gb|CP026275.1|,83.478,Klebsiella oxytoca
gi|1336564284|gb|CP026275.1|,81.618,Klebsiella oxytoca
gi|1336564284|gb|CP026275.1|,81.061,Klebsiella oxytoca
gi|1336564284|gb|CP026275.1|,81.343,Klebsiella oxytoca
gi|1336564284|gb|CP026275.1|,84.848,Klebsiella oxytoca
gi|1336564284|gb|CP026275.1|,88.158,Klebsiella oxytoca
gi|1336564284|gb|CP026275.1|,81.148,Klebsiella oxytoca
gi|1336564284|gb|CP026275.1|,84.783,Klebsiella oxytoca
gi|1336564284|gb|CP026275.1|,85.106,Klebsiella oxytoca
gi|1336564284|gb|CP026275.1|,85.106,Klebsiella oxytoca
gi|1336564284|gb|CP026275.1|,87.342,Klebsiella oxytoca
gi|1336564284|gb|CP026275.1|,79.545,Klebsiella oxytoca
gi|1336564284|gb|CP026275.1|,79.545,Klebsiella oxytoca
gi|1336564284|gb|CP026275.1|,86.25,Klebsiella oxytoca
gi|1336564284|gb|CP026275.1|,84.444,Klebsiella oxytoca
gi|1336564284|gb|CP026275.1|,78.947,Klebsiella oxytoca
gi|1336564284|gb|CP026275.1|,97.826,Klebsiella oxytoca
gi|1336564284|gb|CP026275.1|,84.884,Klebsiella oxytoca
gi|1336564284|gb|CP026275.1|,78.788,Klebsiella oxytoca
gi|1336564284|gb|CP026275.1|,78.195,Klebsiella oxytoca
gi|1336564284|gb|CP026275.1|,83.696,Klebsiella oxytoca
gi|1336564284|gb|CP026275.1|,78.571,Klebsiella oxytoca
gi|1336564284|gb|CP026275.1|,78.195,Klebsiella oxytoca
gi|1336564284|gb|CP026275.1|,78.358,Klebsiella oxytoca
gi|1336564284|gb|CP026275.1|,83.951,Klebsiella oxytoca
gi|1336564284|gb|CP026275.1|,84.416,Klebsiella oxytoca
gi|1336564284|gb|CP026275.1|,81.915,Klebsiella oxytoca
gi|1336564284|gb|CP026275.1|,77.444,Klebsiella oxytoca
gi|1336564284|gb|CP026275.1|,81.72,Klebsiella oxytoca
gi|1336564284|gb|CP026275.1|,84.615,Klebsiella oxytoca
gi|1336564284|gb|CP026275.1|,84.211,Klebsiella oxytoca
gi|1336564284|gb|CP026275.1|,81.319,Klebsiella oxytoca
gi|1336564284|gb|CP026275.1|,97.297,Klebsiella oxytoca
gi|1336564284|gb|CP026275.1|,97.297,Klebsiella oxytoca
gi|1336564284|gb|CP026275.1|,97.297,Klebsiella oxytoca
gi|1336564284|gb|CP026275.1|,97.297,Klebsiella oxytoca
gi|1336564284|gb|CP026275.1|,93.182,Klebsiella oxytoca
gi|1336564284|gb|CP026275.1|,93.023,Klebsiella oxytoca
gi|1336564284|gb|CP026275.1|,97.222,Klebsiella oxytoca
gi|1336564284|gb|CP026275.1|,79.57,Klebsiella oxytoca
gi|1336564284|gb|CP026275.1|,97.222,Klebsiella oxytoca
gi|1336564284|gb|CP026275.1|,80.22,Klebsiella oxytoca
gi|1336564284|gb|CP026275.1|,97.143,Klebsiella oxytoca
gi|1336564284|gb|CP026275.1|,97.059,Klebsiella oxytoca
gi|1336564284|gb|CP026275.1|,100,Klebsiella oxytoca
gi|1336564284|gb|CP026275.1|,96.774,Klebsiella oxytoca
gi|1336564284|gb|CP026275.1|,100,Klebsiella oxytoca
gi|1393507009|gb|CP029563.1|,94.04,Legionella anisa
gi|1752751059|gb|CP044175.1|,100,Campylobacter coli
gi|1835978446|gb|CP051744.1|,100,Escherichia coli
gi|1850346067|gb|CP054159.1|,100,Klebsiella michiganensis
gi|1759011974|gb|CP042534.1|,100,Citrobacter freundii
gi|1850346067|gb|CP054159.1|,100,Klebsiella michiganensis
gi|1213435705|gb|CP022151.1|,100,Citrobacter freundii
gi|1700446185|emb|LR607380.1|,91.391,Klebsiella michiganensis
gi|1686942898|gb|CP040987.1|,100,Legionella pneumophila
gi|1393507009|gb|CP029563.1|,92.617,Legionella anisa
gi|1861270058|gb|CP055247.1|,100,Citrobacter freundii
gi|1810190117|gb|CP048618.1|,100,Legionella pneumophila
gi|1776262296|gb|CP045974.1|,100,Legionella pneumophila
gi|1860439344|gb|CP055138.1|,100,Shigella flexneri
gi|1776262296|gb|CP045974.1|,100,Legionella pneumophila
gi|1836702673|gb|CP052058.1|,100,Citrobacter freundii
gi|1801992258|gb|CP024643.1|,100,Klebsiella michiganensis
gi|1393507009|gb|CP029563.1|,91.045,Legionella anisa
gi|1776262296|gb|CP045974.1|,100,Legionella pneumophila
gi|1850346067|gb|CP054159.1|,99.333,Klebsiella michiganensis
gi|1700446185|emb|LR607380.1|,99.333,Klebsiella michiganensis
gi|1850346067|gb|CP054159.1|,99.338,Klebsiella michiganensis
gi|1706514752|gb|CP041515.1|,100,Klebsiella michiganensis
gi|1805973041|gb|CP038868.1|,100,Campylobacter coli
gi|1752751060|gb|CP044176.1|,100,Campylobacter coli
gi|1336570390|gb|CP026269.1|,100,Klebsiella oxytoca
gi|1822107227|gb|CP045308.1|,100,Legionella longbeachae
gi|1850346067|gb|CP054159.1|,100,Klebsiella michiganensis
gi|1806841634|gb|CP048382.1|,100,Citrobacter freundii
gi|1861270058|gb|CP055247.1|,100,Citrobacter freundii
gi|1776262296|gb|CP045974.1|,100,Legionella pneumophila
gi|1561314388|gb|CP035276.1|,99.333,Citrobacter freundii
gi|1860439344|gb|CP055138.1|,100,Shigella flexneri
gi|1860439344|gb|CP055138.1|,100,Shigella flexneri
gi|1860439344|gb|CP055138.1|,100,Shigella flexneri
gi|1860439344|gb|CP055138.1|,100,Shigella flexneri
gi|1860439344|gb|CP055138.1|,99.338,Shigella flexneri
gi|1860439344|gb|CP055138.1|,99.338,Shigella flexneri
gi|1860439344|gb|CP055138.1|,99.338,Shigella flexneri
gi|1860439344|gb|CP055138.1|,99.338,Shigella flexneri
gi|1860439344|gb|CP055138.1|,99.338,Shigella flexneri
gi|1860439344|gb|CP055138.1|,98.675,Shigella flexneri
gi|1860439344|gb|CP055138.1|,98.675,Shigella flexneri
gi|1860439344|gb|CP055138.1|,98.675,Shigella flexneri
gi|1860439344|gb|CP055138.1|,98.667,Shigella flexneri
gi|1860439344|gb|CP055138.1|,98.013,Shigella flexneri
gi|1776262296|gb|CP045974.1|,100,Legionella pneumophila
gi|1850331643|gb|CP054063.1|,100,Klebsiella pneumoniae
gi|1861417655|gb|CP054232.1|,100,Escherichia coli
gi|1810190117|gb|CP048618.1|,100,Legionella pneumophila
gi|1776262296|gb|CP045974.1|,100,Legionella pneumophila
gi|1850204197|gb|CP054049.1|,99.338,Yersinia kristensenii
gi|1850204197|gb|CP054049.1|,99.338,Yersinia kristensenii
gi|1776262296|gb|CP045974.1|,100,Legionella pneumophila
gi|1569299402|gb|CP035633.1|,100,Enterobacter cloacae
gi|1489980470|gb|CP032739.1|,100,Enterococcus casseliflavus
gi|1751015633|gb|CP044109.1|,100,Klebsiella michiganensis
gi|1776262296|gb|CP045974.1|,100,Legionella pneumophila
gi|1850204197|gb|CP054049.1|,100,Yersinia kristensenii
gi|1700446172|emb|LR607367.1|,100,Klebsiella michiganensis
gi|1862738216|gb|CP055292.1|,100,Shigella sonnei
gi|1850204197|gb|CP054049.1|,100,Yersinia kristensenii
gi|1804509562|gb|CP048108.1|,100,Klebsiella michiganensis
gi|1776262296|gb|CP045974.1|,100,Legionella pneumophila
gi|1393507009|gb|CP029563.1|,92.105,Legionella anisa
gi|1837531732|gb|CP052258.1|,100,Klebsiella pneumoniae
gi|1861270058|gb|CP055247.1|,100,Citrobacter freundii
gi|1780454088|gb|CP046317.1|,100,Campylobacter coli
gi|1804509562|gb|CP048108.1|,99.338,Klebsiella michiganensis
gi|1776262296|gb|CP045974.1|,100,Legionella pneumophila
gi|1776262296|gb|CP045974.1|,100,Legionella pneumophila
gi|1822107227|gb|CP045308.1|,100,Legionella longbeachae
gi|1818835183|gb|CP049015.1|,100,Citrobacter freundii ATCC 8090 = MTCC 1658 = NBRC 12681
gi|1850204197|gb|CP054049.1|,100,Yersinia kristensenii
gi|1822107227|gb|CP045308.1|,100,Legionella longbeachae
gi|1776262296|gb|CP045974.1|,100,Legionella pneumophila
gi|1861270058|gb|CP055247.1|,99.296,Citrobacter freundii
gi|1861394031|gb|CP054214.1|,100,Escherichia coli
gi|1861394031|gb|CP054214.1|,100,Escherichia coli
gi|1861394031|gb|CP054214.1|,100,Escherichia coli
gi|1861394031|gb|CP054214.1|,100,Escherichia coli
gi|1861394031|gb|CP054214.1|,100,Escherichia coli
gi|1861394031|gb|CP054214.1|,100,Escherichia coli
gi|1861394031|gb|CP054214.1|,100,Escherichia coli
gi|1850346067|gb|CP054159.1|,100,Klebsiella michiganensis
gi|1861270058|gb|CP055247.1|,100,Citrobacter freundii
gi|1850346067|gb|CP054159.1|,100,Klebsiella michiganensis
gi|1850204197|gb|CP054049.1|,97.351,Yersinia kristensenii
gi|1861270058|gb|CP055247.1|,100,Citrobacter freundii
gi|1776262296|gb|CP045974.1|,100,Legionella pneumophila
gi|1751015633|gb|CP044109.1|,100,Klebsiella michiganensis
gi|1776262296|gb|CP045974.1|,100,Legionella pneumophila
gi|874565537|emb|LN853085.1|,97.351,uncultured prokaryote
gi|1776262296|gb|CP045974.1|,100,Legionella pneumophila
gi|1822107227|gb|CP045308.1|,100,Legionella longbeachae
gi|1776262296|gb|CP045974.1|,100,Legionella pneumophila
gi|1241288943|gb|CP023185.1|,100,Klebsiella michiganensis
gi|1717399656|gb|CP038242.1|,100,Staphylococcus warneri
gi|1700446177|emb|LR607372.1|,100,Enterococcus durans
gi|1841322834|gb|CP053245.1|,100,Escherichia coli
gi|1836702673|gb|CP052058.1|,100,Citrobacter freundii
gi|1758980947|gb|CP042545.1|,100,Klebsiella michiganensis
gi|1491995148|gb|CP024673.1|,100,Citrobacter freundii
gi|1822107227|gb|CP045308.1|,100,Legionella longbeachae
gi|1861270058|gb|CP055247.1|,100,Citrobacter freundii
gi|1860447451|gb|CP055130.1|,100,Salmonella enterica
gi|1850204197|gb|CP054049.1|,100,Yersinia kristensenii
gi|1340258836|gb|CP026231.1|,99.338,Citrobacter freundii complex sp. CFNIH4
gi|1860447451|gb|CP055130.1|,100,Salmonella enterica
gi|1860447451|gb|CP055130.1|,100,Salmonella enterica
gi|1798634882|gb|CP047606.1|,100,Citrobacter sp. LUTT5
gi|1861334377|gb|CP053702.1|,100,Salmonella enterica subsp. enterica serovar Typhi
gi|1776262296|gb|CP045974.1|,100,Legionella pneumophila
gi|1758980947|gb|CP042545.1|,100,Klebsiella michiganensis
gi|1231699112|emb|LT906451.1|,96.364,Legionella lansingensis
gi|1859914723|gb|CP054848.1|,100,Campylobacter jejuni
gi|1859914723|gb|CP054848.1|,100,Campylobacter jejuni
gi|1886790259|gb|CP059400.1|,90.728,Legionella sp. PC1000
gi|1633351886|gb|CP035436.1|,100,Streptococcus pyogenes
gi|1860447451|gb|CP055130.1|,100,Salmonella enterica
gi|1860439344|gb|CP055138.1|,100,Shigella flexneri
gi|1686942898|gb|CP040987.1|,100,Legionella pneumophila
gi|1774380927|gb|CP045791.1|,100,Campylobacter coli
gi|1706514752|gb|CP041515.1|,99.338,Klebsiella michiganensis
gi|1850346067|gb|CP054159.1|,100,Klebsiella michiganensis
gi|328833603|gb|JF795024.1|,100,Citrobacter freundii
gi|1336564284|gb|CP026275.1|,100,Klebsiella oxytoca
gi|1850346067|gb|CP054159.1|,100,Klebsiella michiganensis
gi|1861270058|gb|CP055247.1|,100,Citrobacter freundii
gi|1776262296|gb|CP045974.1|,100,Legionella pneumophila
gi|328833603|gb|JF795024.1|,100,Citrobacter freundii
gi|1860439344|gb|CP055138.1|,99.286,Shigella flexneri
gi|1860435371|gb|CP055132.1|,100,Shigella flexneri
gi|1780454088|gb|CP046317.1|,100,Campylobacter coli
gi|1859914721|gb|CP054847.1|,100,Campylobacter jejuni
gi|1805973041|gb|CP038868.1|,97.727,Campylobacter coli
gi|1540051836|emb|LR134383.1|,100,Legionella jordanis
gi|1700446171|emb|LR607366.1|,100,Klebsiella michiganensis
gi|1861262708|gb|CP055232.1|,100,Enterococcus hirae
gi|1862738216|gb|CP055292.1|,100,Shigella sonnei
gi|1393507009|gb|CP029563.1|,88.667,Legionella anisa
gi|1751015633|gb|CP044109.1|,100,Klebsiella michiganensis
gi|1850346067|gb|CP054159.1|,100,Klebsiella michiganensis
gi|1393507009|gb|CP029563.1|,96.97,Legionella anisa
gi|1858684170|gb|CP054780.1|,100,Klebsiella pneumoniae
gi|1231699112|emb|LT906451.1|,100,Legionella lansingensis
gi|1822107227|gb|CP045308.1|,100,Legionella longbeachae
gi|1850346067|gb|CP054159.1|,100,Klebsiella michiganensis
gi|1850346067|gb|CP054159.1|,100,Klebsiella michiganensis
gi|1850346067|gb|CP054159.1|,100,Klebsiella michiganensis
gi|1941815536|gb|CP047774.1|,100,Citrobacter freundii
gi|1958333588|gb|CP068132.1|,100,Enterococcus casseliflavus
gi|1886790259|gb|CP059400.1|,92.715,Legionella sp. PC1000
gi|1850346067|gb|CP054159.1|,100,Klebsiella michiganensis
gi|1231699112|emb|LT906451.1|,100,Legionella lansingensis
gi|1776262296|gb|CP045974.1|,100,Legionella pneumophila
gi|1829612476|gb|CP048771.1|,100,Campylobacter jejuni
gi|1829612476|gb|CP048771.1|,86.275,Campylobacter jejuni
gi|1829612476|gb|CP048771.1|,86.275,Campylobacter jejuni
gi|1700446174|emb|LR607369.1|,99.01,Klebsiella michiganensis
gi|1807834377|dbj|AP021894.1|,100,Escherichia coli
gi|1751015633|gb|CP044109.1|,100,Klebsiella michiganensis
gi|1721731737|gb|CP020894.3|,93.377,Legionella longbeachae
gi|1861422370|gb|CP054236.1|,100,Escherichia coli
gi|1818835183|gb|CP049015.1|,100,Citrobacter freundii ATCC 8090 = MTCC 1658 = NBRC 12681
gi|1810190117|gb|CP048618.1|,100,Legionella pneumophila
gi|1850204197|gb|CP054049.1|,100,Yersinia kristensenii
gi|1850346067|gb|CP054159.1|,100,Klebsiella michiganensis
gi|1706514752|gb|CP041515.1|,99.194,Klebsiella michiganensis
gi|1850204197|gb|CP054049.1|,100,Yersinia kristensenii
gi|1700446177|emb|LR607372.1|,100,Enterococcus durans
gi|2005137944|gb|CP071393.1|,100,Klebsiella michiganensis
gi|1497389329|gb|CP033099.1|,92.647,Staphylococcus warneri
gi|1497389329|gb|CP033099.1|,92.647,Staphylococcus warneri
gi|1850346067|gb|CP054159.1|,100,Klebsiella michiganensis
gi|1776262296|gb|CP045974.1|,100,Legionella pneumophila
gi|1804509562|gb|CP048108.1|,99.338,Klebsiella michiganensis
gi|1540051836|emb|LR134383.1|,100,Legionella jordanis
gi|1850204197|gb|CP054049.1|,100,Yersinia kristensenii
gi|1805973041|gb|CP038868.1|,100,Campylobacter coli
gi|1861422370|gb|CP054236.1|,100,Escherichia coli
gi|1700446174|emb|LR607369.1|,100,Klebsiella michiganensis
gi|1776262296|gb|CP045974.1|,100,Legionella pneumophila
gi|1393507009|gb|CP029563.1|,94.702,Legionella anisa
gi|1805973041|gb|CP038868.1|,100,Campylobacter coli
gi|1393507009|gb|CP029563.1|,92.715,Legionella anisa
gi|1886790259|gb|CP059400.1|,90.728,Legionella sp. PC1000
gi|1231699112|emb|LT906451.1|,100,Legionella lansingensis
gi|1759011974|gb|CP042534.1|,100,Citrobacter freundii
gi|1860447451|gb|CP055130.1|,100,Salmonella enterica
gi|1836702673|gb|CP052058.1|,100,Citrobacter freundii
gi|1861270058|gb|CP055247.1|,100,Citrobacter freundii
gi|1850204197|gb|CP054049.1|,98.675,Yersinia kristensenii
gi|1822103303|gb|CP045305.1|,100,Legionella longbeachae
gi|1213435705|gb|CP022151.1|,100,Citrobacter freundii
gi|1776262296|gb|CP045974.1|,100,Legionella pneumophila
gi|1213435705|gb|CP022151.1|,100,Citrobacter freundii
gi|1836702673|gb|CP052058.1|,100,Citrobacter freundii
gi|1861403979|gb|CP054224.1|,100,Escherichia coli
gi|1806841634|gb|CP048382.1|,100,Citrobacter freundii
gi|1213435705|gb|CP022151.1|,100,Citrobacter freundii
gi|1231699112|emb|LT906451.1|,100,Legionella lansingensis
gi|1860439344|gb|CP055138.1|,100,Shigella flexneri
gi|1851328344|gb|CP051138.1|,100,Streptococcus pyogenes
gi|1717399656|gb|CP038242.1|,100,Staphylococcus warneri
gi|1805973041|gb|CP038868.1|,100,Campylobacter coli
gi|1540051836|emb|LR134383.1|,100,Legionella jordanis
gi|1822107227|gb|CP045308.1|,100,Legionella longbeachae
gi|1850346067|gb|CP054159.1|,100,Klebsiella michiganensis
gi|570283404|gb|CP004006.1|,83.582,Legionella oakridgensis ATCC 33761 = DSM 21215
gi|1213435705|gb|CP022151.1|,100,Citrobacter freundii
gi|1810190117|gb|CP048618.1|,100,Legionella pneumophila
gi|1700446156|emb|LR607351.1|,100,Klebsiella michiganensis
gi|1804509562|gb|CP048108.1|,100,Klebsiella michiganensis
gi|1804509562|gb|CP048108.1|,98.675,Klebsiella michiganensis
gi|1804509562|gb|CP048108.1|,98.675,Klebsiella michiganensis
gi|1804509562|gb|CP048108.1|,98.675,Klebsiella michiganensis
gi|1804509562|gb|CP048108.1|,96.689,Klebsiella michiganensis
gi|1804509562|gb|CP048108.1|,96.026,Klebsiella michiganensis
gi|1804509562|gb|CP048108.1|,94.702,Klebsiella michiganensis
gi|1804509562|gb|CP048108.1|,94.702,Klebsiella michiganensis
gi|1836702673|gb|CP052058.1|,100,Citrobacter freundii
gi|1810190117|gb|CP048618.1|,100,Legionella pneumophila
gi|1796075757|gb|CP047309.1|,100,Citrobacter freundii
gi|1836702673|gb|CP052058.1|,100,Citrobacter freundii
gi|1213435705|gb|CP022151.1|,100,Citrobacter freundii
gi|1393507009|gb|CP029563.1|,88.158,Legionella anisa
gi|1805973041|gb|CP038868.1|,99.286,Campylobacter coli
gi|1393507009|gb|CP029563.1|,95.876,Legionella anisa
gi|1700446185|emb|LR607380.1|,98.675,Klebsiella michiganensis
gi|1861270058|gb|CP055247.1|,100,Citrobacter freundii
gi|1850346067|gb|CP054159.1|,100,Klebsiella michiganensis
gi|1805973041|gb|CP038868.1|,100,Campylobacter coli
gi|1860439344|gb|CP055138.1|,100,Shigella flexneri
gi|1810190117|gb|CP048618.1|,100,Legionella pneumophila
gi|1806841634|gb|CP048382.1|,100,Citrobacter freundii
gi|1850346067|gb|CP054159.1|,100,Klebsiella michiganensis
gi|1796070913|gb|CP047307.1|,100,Citrobacter freundii
gi|1850204197|gb|CP054049.1|,98.675,Yersinia kristensenii
gi|1822107227|gb|CP045308.1|,100,Legionella longbeachae
gi|1858684170|gb|CP054780.1|,100,Klebsiella pneumoniae
gi|1886790259|gb|CP059400.1|,93.377,Legionella sp. PC1000
gi|1886790259|gb|CP059400.1|,90.604,Legionella sp. PC1000
gi|1805973041|gb|CP038868.1|,100,Campylobacter coli
gi|1393507009|gb|CP029563.1|,91.391,Legionella anisa
gi|1861270058|gb|CP055247.1|,100,Citrobacter freundii
gi|1810190117|gb|CP048618.1|,100,Legionella pneumophila
gi|1393507009|gb|CP029563.1|,91.333,Legionella anisa
gi|1776262296|gb|CP045974.1|,100,Legionella pneumophila
gi|1861270058|gb|CP055247.1|,100,Citrobacter freundii
gi|1850346067|gb|CP054159.1|,100,Klebsiella michiganensis
gi|1776262296|gb|CP045974.1|,100,Legionella pneumophila
gi|1886790259|gb|CP059400.1|,92.157,Legionella sp. PC1000
gi|1837501721|gb|CP052139.1|,100,Klebsiella pneumoniae
gi|1861408438|gb|CP054227.1|,100,Escherichia coli
gi|1853437312|gb|CP054454.1|,100,Escherichia coli
gi|1850204197|gb|CP054049.1|,100,Yersinia kristensenii
gi|1861270058|gb|CP055247.1|,100,Citrobacter freundii
gi|1822107227|gb|CP045308.1|,100,Legionella longbeachae
gi|1862738216|gb|CP055292.1|,100,Shigella sonnei
gi|1850346067|gb|CP054159.1|,100,Klebsiella michiganensis
gi|1822107227|gb|CP045308.1|,98.013,Legionella longbeachae
gi|1850204197|gb|CP054049.1|,100,Yersinia kristensenii
gi|1384500677|gb|CP029141.1|,100,Klebsiella michiganensis
gi|1384500677|gb|CP029141.1|,85.484,Klebsiella michiganensis
gi|1886790259|gb|CP059400.1|,94.702,Legionella sp. PC1000
gi|1758980947|gb|CP042545.1|,100,Klebsiella michiganensis
gi|1860447451|gb|CP055130.1|,98.675,Salmonella enterica
gi|1850204197|gb|CP054049.1|,98.675,Yersinia kristensenii
gi|1941815536|gb|CP047774.1|,92.053,Citrobacter freundii
gi|1850204197|gb|CP054049.1|,100,Yersinia kristensenii
gi|1700446185|emb|LR607380.1|,100,Klebsiella michiganensis
gi|1393507009|gb|CP029563.1|,92.913,Legionella anisa
gi|1850346067|gb|CP054159.1|,100,Klebsiella michiganensis
gi|1231699112|emb|LT906451.1|,100,Legionella lansingensis
gi|1860447451|gb|CP055130.1|,100,Salmonella enterica
gi|1850346067|gb|CP054159.1|,100,Klebsiella michiganensis
gi|1850346067|gb|CP054159.1|,99.338,Klebsiella michiganensis
gi|1836702673|gb|CP052058.1|,100,Citrobacter freundii
gi|1860447451|gb|CP055130.1|,100,Salmonella enterica
gi|1860447451|gb|CP055130.1|,100,Salmonella enterica
gi|1776262296|gb|CP045974.1|,100,Legionella pneumophila
gi|1776262296|gb|CP045974.1|,100,Legionella pneumophila
gi|1810190117|gb|CP048618.1|,100,Legionella pneumophila
gi|1776262296|gb|CP045974.1|,100,Legionella pneumophila
gi|1861422370|gb|CP054236.1|,99.329,Escherichia coli
gi|1393507009|gb|CP029563.1|,92.667,Legionella anisa
gi|1700446177|emb|LR607372.1|,100,Enterococcus durans
gi|1393507009|gb|CP029563.1|,93.377,Legionella anisa
gi|1706514752|gb|CP041515.1|,100,Klebsiella michiganensis
gi|1213435705|gb|CP022151.1|,100,Citrobacter freundii
gi|1841322834|gb|CP053245.1|,100,Escherichia coli
gi|1850204197|gb|CP054049.1|,99.237,Yersinia kristensenii
gi|1886790259|gb|CP059400.1|,95.364,Legionella sp. PC1000
gi|1700446174|emb|LR607369.1|,100,Klebsiella michiganensis
gi|1850346067|gb|CP054159.1|,100,Klebsiella michiganensis
gi|1850346067|gb|CP054159.1|,100,Klebsiella michiganensis
gi|1776262296|gb|CP045974.1|,100,Legionella pneumophila
gi|1886790259|gb|CP059400.1|,92.667,Legionella sp. PC1000
gi|1801992258|gb|CP024643.1|,100,Klebsiella michiganensis
gi|1822107227|gb|CP045308.1|,100,Legionella longbeachae
gi|1700446171|emb|LR607366.1|,100,Klebsiella michiganensis
gi|1810190117|gb|CP048618.1|,100,Legionella pneumophila
gi|1776262296|gb|CP045974.1|,100,Legionella pneumophila
gi|1758980947|gb|CP042545.1|,100,Klebsiella michiganensis
gi|1540067536|emb|LR134388.1|,94.04,Legionella sainthelensi
gi|1850346067|gb|CP054159.1|,100,Klebsiella michiganensis
gi|1700446172|emb|LR607367.1|,100,Klebsiella michiganensis
gi|2005137944|gb|CP071393.1|,100,Klebsiella michiganensis
gi|1836698516|gb|CP052057.1|,100,Escherichia coli
gi|1861270058|gb|CP055247.1|,100,Citrobacter freundii
gi|1633370485|gb|CP035447.1|,100,Streptococcus pyogenes
gi|1393507009|gb|CP029563.1|,90.37,Legionella anisa
gi|1776262296|gb|CP045974.1|,99.02,Legionella pneumophila
gi|1758980947|gb|CP042545.1|,100,Klebsiella michiganensis
gi|1782772443|gb|CP036531.1|,100,Streptococcus pyogenes
gi|1841322834|gb|CP053245.1|,100,Escherichia coli
gi|1805973041|gb|CP038868.1|,100,Campylobacter coli
gi|1850346067|gb|CP054159.1|,99.338,Klebsiella michiganensis
gi|1850204197|gb|CP054049.1|,100,Yersinia kristensenii
gi|2022704093|gb|CP051427.1|,98.675,Klebsiella michiganensis
gi|2022704093|gb|CP051427.1|,98.675,Klebsiella michiganensis
gi|1776262296|gb|CP045974.1|,100,Legionella pneumophila
gi|1861398938|gb|CP054219.1|,100,Escherichia coli
gi|1850346067|gb|CP054159.1|,96.026,Klebsiella michiganensis
gi|1231699112|emb|LT906451.1|,100,Legionella lansingensis
gi|1841322834|gb|CP053245.1|,100,Escherichia coli
gi|1861270058|gb|CP055247.1|,100,Citrobacter freundii
gi|1861270058|gb|CP055247.1|,100,Citrobacter freundii
gi|1837867578|gb|CP052873.1|,100,Enterobacter cloacae
gi|1837867578|gb|CP052873.1|,99.333,Enterobacter cloacae
gi|1686942898|gb|CP040987.1|,100,Legionella pneumophila
gi|1776262296|gb|CP045974.1|,100,Legionella pneumophila
gi|1861270058|gb|CP055247.1|,100,Citrobacter freundii
gi|1751015633|gb|CP044109.1|,100,Klebsiella michiganensis
gi|1751015633|gb|CP044109.1|,90.476,Klebsiella michiganensis
gi|1810190117|gb|CP048618.1|,100,Legionella pneumophila
gi|1686942898|gb|CP040987.1|,100,Legionella pneumophila
gi|1393507009|gb|CP029563.1|,95.798,Legionella anisa
gi|1836702673|gb|CP052058.1|,100,Citrobacter freundii
gi|1810190117|gb|CP048618.1|,100,Legionella pneumophila
gi|1836702673|gb|CP052058.1|,100,Citrobacter freundii
gi|1860439344|gb|CP055138.1|,100,Shigella flexneri
gi|1860439344|gb|CP055138.1|,100,Shigella flexneri
gi|1860439344|gb|CP055138.1|,100,Shigella flexneri
gi|1860439344|gb|CP055138.1|,100,Shigella flexneri
gi|1860439344|gb|CP055138.1|,99.338,Shigella flexneri
gi|1860439344|gb|CP055138.1|,99.338,Shigella flexneri
gi|1860439344|gb|CP055138.1|,99.338,Shigella flexneri
gi|1860439344|gb|CP055138.1|,99.338,Shigella flexneri
gi|1860439344|gb|CP055138.1|,99.338,Shigella flexneri
gi|1860439344|gb|CP055138.1|,98.675,Shigella flexneri
gi|1860439344|gb|CP055138.1|,98.675,Shigella flexneri
gi|1860439344|gb|CP055138.1|,98.675,Shigella flexneri
gi|1860439344|gb|CP055138.1|,98.667,Shigella flexneri
gi|1860439344|gb|CP055138.1|,98.013,Shigella flexneri
gi|1336564284|gb|CP026275.1|,100,Klebsiella oxytoca
gi|1836702673|gb|CP052058.1|,100,Citrobacter freundii
gi|1861270058|gb|CP055247.1|,100,Citrobacter freundii
gi|1393507009|gb|CP029563.1|,95.312,Legionella anisa
gi|1942689717|gb|CP065535.1|,100,Enterococcus durans
gi|1850346067|gb|CP054159.1|,100,Klebsiella michiganensis
gi|1776262296|gb|CP045974.1|,100,Legionella pneumophila
gi|1850346067|gb|CP054159.1|,100,Klebsiella michiganensis
gi|1861270058|gb|CP055247.1|,100,Citrobacter freundii
gi|1822107227|gb|CP045308.1|,100,Legionella longbeachae
gi|1393507009|gb|CP029563.1|,93.333,Legionella anisa
gi|1850346067|gb|CP054159.1|,99.338,Klebsiella michiganensis
gi|1850346067|gb|CP054159.1|,100,Klebsiella michiganensis
gi|1850204197|gb|CP054049.1|,100,Yersinia kristensenii
gi|1539468054|emb|LR134176.1|,100,Legionella pneumophila
gi|1700446174|emb|LR607369.1|,100,Klebsiella michiganensis
gi|1540051836|emb|LR134383.1|,100,Legionella jordanis
gi|1776262296|gb|CP045974.1|,100,Legionella pneumophila
gi|1850346067|gb|CP054159.1|,100,Klebsiella michiganensis
gi|1861270058|gb|CP055247.1|,99.338,Citrobacter freundii
gi|1393507009|gb|CP029563.1|,94.04,Legionella anisa
gi|1758980947|gb|CP042545.1|,100,Klebsiella michiganensis
gi|1700446185|emb|LR607380.1|,100,Klebsiella michiganensis
gi|1706514752|gb|CP041515.1|,100,Klebsiella michiganensis
gi|159157940|dbj|AB297474.1|,93.333,Fluoribacter dumoffii Tex-KL
gi|1758980947|gb|CP042545.1|,99.091,Klebsiella michiganensis
gi|1850204197|gb|CP054049.1|,98.013,Yersinia kristensenii
gi|1861394031|gb|CP054214.1|,98.675,Escherichia coli
gi|1822107227|gb|CP045308.1|,100,Legionella longbeachae
gi|1890405027|gb|CP047279.1|,99.333,Citrobacter freundii
gi|1850346067|gb|CP054159.1|,100,Klebsiella michiganensis
gi|1861422370|gb|CP054236.1|,100,Escherichia coli
gi|1706514752|gb|CP041515.1|,100,Klebsiella michiganensis
gi|1850346067|gb|CP054159.1|,100,Klebsiella michiganensis
gi|1941815536|gb|CP047774.1|,100,Citrobacter freundii
gi|1850346067|gb|CP054159.1|,100,Klebsiella michiganensis
gi|1850204197|gb|CP054049.1|,100,Yersinia kristensenii
gi|1850204197|gb|CP054049.1|,99.338,Yersinia kristensenii
gi|1805973041|gb|CP038868.1|,99.338,Campylobacter coli
gi|1958333588|gb|CP068132.1|,100,Enterococcus casseliflavus
gi|1758980947|gb|CP042545.1|,100,Klebsiella michiganensis
gi|1398633484|gb|CP029732.1|,100,Citrobacter sp. CRE-46
gi|1758980947|gb|CP042545.1|,100,Klebsiella michiganensis
gi|1861403979|gb|CP054224.1|,100,Escherichia coli
gi|1861417655|gb|CP054232.1|,99.083,Escherichia coli
gi|1861270058|gb|CP055247.1|,100,Citrobacter freundii
gi|1776262296|gb|CP045974.1|,99.333,Legionella pneumophila
gi|1886790259|gb|CP059400.1|,89.041,Legionella sp. PC1000
gi|1776262296|gb|CP045974.1|,99.27,Legionella pneumophila
gi|1497389329|gb|CP033099.1|,92.647,Staphylococcus warneri
gi|1497389329|gb|CP033099.1|,92.647,Staphylococcus warneri
gi|1861422370|gb|CP054236.1|,100,Escherichia coli
gi|1801992258|gb|CP024643.1|,100,Klebsiella michiganensis
gi|1801992258|gb|CP024643.1|,100,Klebsiella michiganensis
gi|1801992258|gb|CP024643.1|,96.875,Klebsiella michiganensis
gi|1700446185|emb|LR607380.1|,100,Klebsiella michiganensis
gi|1850346067|gb|CP054159.1|,99.338,Klebsiella michiganensis
gi|1836702673|gb|CP052058.1|,100,Citrobacter freundii
gi|1231699112|emb|LT906451.1|,100,Legionella lansingensis
gi|1810190117|gb|CP048618.1|,100,Legionella pneumophila
gi|1810190117|gb|CP048618.1|,100,Legionella pneumophila
gi|1810190117|gb|CP048618.1|,100,Legionella pneumophila
gi|1213435705|gb|CP022151.1|,98.675,Citrobacter freundii
gi|1822107227|gb|CP045308.1|,100,Legionella longbeachae
gi|1861270058|gb|CP055247.1|,100,Citrobacter freundii
gi|1822107227|gb|CP045308.1|,96.667,Legionella longbeachae
gi|1758980947|gb|CP042545.1|,100,Klebsiella michiganensis
gi|1706514752|gb|CP041515.1|,100,Klebsiella michiganensis
gi|1861394031|gb|CP054214.1|,95.364,Escherichia coli
gi|1796075757|gb|CP047309.1|,100,Citrobacter freundii
gi|1776262296|gb|CP045974.1|,100,Legionella pneumophila
gi|1861417655|gb|CP054232.1|,100,Escherichia coli
gi|1861270058|gb|CP055247.1|,100,Citrobacter freundii
gi|1861270058|gb|CP055247.1|,100,Citrobacter freundii
gi|1213435705|gb|CP022151.1|,99.338,Citrobacter freundii
gi|1810190117|gb|CP048618.1|,100,Legionella pneumophila
gi|1752751059|gb|CP044175.1|,100,Campylobacter coli
gi|1776262296|gb|CP045974.1|,100,Legionella pneumophila
gi|1805973041|gb|CP038868.1|,100,Campylobacter coli
gi|1850204197|gb|CP054049.1|,100,Yersinia kristensenii
gi|1393507009|gb|CP029563.1|,90.066,Legionella anisa
gi|1941815536|gb|CP047774.1|,100,Citrobacter freundii
gi|1861417655|gb|CP054232.1|,100,Escherichia coli
gi|1861270058|gb|CP055247.1|,100,Citrobacter freundii
gi|1776262296|gb|CP045974.1|,100,Legionella pneumophila
gi|1770412063|gb|CP006702.2|,98.675,Campylobacter coli 15-537360
gi|1801992258|gb|CP024643.1|,100,Klebsiella michiganensis
gi|1860447451|gb|CP055130.1|,100,Salmonella enterica
gi|1850204197|gb|CP054049.1|,99.338,Yersinia kristensenii
gi|1393507009|gb|CP029563.1|,91.216,Legionella anisa
gi|1860447451|gb|CP055130.1|,99.338,Salmonella enterica
gi|1861270058|gb|CP055247.1|,100,Citrobacter freundii
gi|874565537|emb|LN853085.1|,99.153,uncultured prokaryote
gi|1231699112|emb|LT906451.1|,100,Legionella lansingensis
gi|1850346067|gb|CP054159.1|,100,Klebsiella michiganensis
gi|1861394031|gb|CP054214.1|,98.675,Escherichia coli
gi|1850204197|gb|CP054049.1|,99.338,Yersinia kristensenii
gi|1850346067|gb|CP054159.1|,100,Klebsiella michiganensis
gi|1818835183|gb|CP049015.1|,100,Citrobacter freundii ATCC 8090 = MTCC 1658 = NBRC 12681
gi|1850346067|gb|CP054159.1|,100,Klebsiella michiganensis
gi|1776262296|gb|CP045974.1|,100,Legionella pneumophila
gi|1860439344|gb|CP055138.1|,100,Shigella flexneri
gi|1805973041|gb|CP038868.1|,100,Campylobacter coli
gi|1752751059|gb|CP044175.1|,100,Campylobacter coli
gi|1850204197|gb|CP054049.1|,99.248,Yersinia kristensenii
gi|1393507009|gb|CP029563.1|,90.37,Legionella anisa
gi|1776262296|gb|CP045974.1|,100,Legionella pneumophila
gi|1958336769|gb|CP068133.1|,100,Enterococcus casseliflavus
gi|1231699112|emb|LT906451.1|,100,Legionella lansingensis
gi|1861334377|gb|CP053702.1|,100,Salmonella enterica subsp. enterica serovar Typhi
gi|1850346067|gb|CP054159.1|,100,Klebsiella michiganensis
gi|1955184647|gb|CP061930.1|,99.338,Klebsiella michiganensis
gi|1955184647|gb|CP061930.1|,98.684,Klebsiella michiganensis
gi|1955184647|gb|CP061930.1|,91.946,Klebsiella michiganensis
gi|1955184647|gb|CP061930.1|,88.742,Klebsiella michiganensis
gi|1955184647|gb|CP061930.1|,80.128,Klebsiella michiganensis
gi|1955184647|gb|CP061930.1|,79.87,Klebsiella michiganensis
gi|1955184647|gb|CP061930.1|,80,Klebsiella michiganensis
gi|1955184647|gb|CP061930.1|,79.085,Klebsiella michiganensis
gi|1955184647|gb|CP061930.1|,82.716,Klebsiella michiganensis
gi|1955184647|gb|CP061930.1|,93.878,Klebsiella michiganensis
gi|1955184647|gb|CP061930.1|,93.878,Klebsiella michiganensis
gi|1955184647|gb|CP061930.1|,95.652,Klebsiella michiganensis
gi|1955184647|gb|CP061930.1|,95.652,Klebsiella michiganensis
gi|1955184647|gb|CP061930.1|,95.652,Klebsiella michiganensis
gi|1955184647|gb|CP061930.1|,97.619,Klebsiella michiganensis
gi|1955184647|gb|CP061930.1|,93.478,Klebsiella michiganensis
gi|1955184647|gb|CP061930.1|,93.478,Klebsiella michiganensis
gi|1955184647|gb|CP061930.1|,97.297,Klebsiella michiganensis
gi|1955184647|gb|CP061930.1|,100,Klebsiella michiganensis
gi|1955184647|gb|CP061930.1|,100,Klebsiella michiganensis
gi|1955184647|gb|CP061930.1|,97.222,Klebsiella michiganensis
gi|1955184647|gb|CP061930.1|,100,Klebsiella michiganensis
gi|1955184647|gb|CP061930.1|,100,Klebsiella michiganensis
gi|1955184647|gb|CP061930.1|,100,Klebsiella michiganensis
gi|1850346067|gb|CP054159.1|,100,Klebsiella michiganensis
gi|1810190117|gb|CP048618.1|,100,Legionella pneumophila
gi|1805973041|gb|CP038868.1|,100,Campylobacter coli
gi|1850346067|gb|CP054159.1|,100,Klebsiella michiganensis
gi|1861394031|gb|CP054214.1|,99.338,Escherichia coli
gi|1861270058|gb|CP055247.1|,100,Citrobacter freundii
gi|1850346067|gb|CP054159.1|,100,Klebsiella michiganensis
gi|1776262296|gb|CP045974.1|,100,Legionella pneumophila
gi|1539471345|emb|LR134178.1|,88.079,Legionella sainthelensi
gi|1805973041|gb|CP038868.1|,100,Campylobacter coli
gi|1861270058|gb|CP055247.1|,100,Citrobacter freundii
gi|1706514752|gb|CP041515.1|,100,Klebsiella michiganensis
gi|1776262296|gb|CP045974.1|,100,Legionella pneumophila
gi|1850204197|gb|CP054049.1|,98.675,Yersinia kristensenii
gi|1850204197|gb|CP054049.1|,100,Yersinia kristensenii
gi|1213435705|gb|CP022151.1|,100,Citrobacter freundii
gi|1360372575|gb|CP021259.1|,83.553,Legionella pneumophila
gi|1360372575|gb|CP021259.1|,97.436,Legionella pneumophila
gi|1360372575|gb|CP021259.1|,97.436,Legionella pneumophila
gi|1360372575|gb|CP021259.1|,97.368,Legionella pneumophila
gi|1861270058|gb|CP055247.1|,100,Citrobacter freundii
gi|1886790259|gb|CP059400.1|,94.04,Legionella sp. PC1000
gi|1758913899|gb|CP042517.1|,100,Citrobacter freundii
gi|1861270058|gb|CP055247.1|,100,Citrobacter freundii
gi|1518953630|gb|CP033742.1|,100,Citrobacter freundii
gi|1805973041|gb|CP038868.1|,100,Campylobacter coli
gi|1810190117|gb|CP048618.1|,100,Legionella pneumophila
gi|1818835183|gb|CP049015.1|,100,Citrobacter freundii ATCC 8090 = MTCC 1658 = NBRC 12681
gi|1850346067|gb|CP054159.1|,100,Klebsiella michiganensis
gi|1851194272|gb|CP054303.1|,100,Klebsiella pneumoniae
gi|1835278483|gb|CP040607.1|,100,Campylobacter sp. CFSAN093224
gi|1213435705|gb|CP022151.1|,100,Citrobacter freundii
gi|1213435705|gb|CP022151.1|,100,Citrobacter freundii
gi|1850204197|gb|CP054049.1|,100,Yersinia kristensenii
gi|1861422370|gb|CP054236.1|,100,Escherichia coli
gi|1801992258|gb|CP024643.1|,100,Klebsiella michiganensis
gi|1801992258|gb|CP024643.1|,93.243,Klebsiella michiganensis
gi|1850346067|gb|CP054159.1|,100,Klebsiella michiganensis
gi|1822107227|gb|CP045308.1|,100,Legionella longbeachae
gi|1806841634|gb|CP048382.1|,100,Citrobacter freundii
gi|1335984434|gb|CP026238.1|,100,Citrobacter freundii complex sp. CFNIH9
gi|1860439344|gb|CP055138.1|,99.338,Shigella flexneri
gi|1860439344|gb|CP055138.1|,100,Shigella flexneri
gi|1886790259|gb|CP059400.1|,94.558,Legionella sp. PC1000
gi|1373207395|gb|CP028187.1|,100,Campylobacter coli
gi|1850204197|gb|CP054049.1|,100,Yersinia kristensenii
gi|1850204197|gb|CP054049.1|,88.079,Yersinia kristensenii
gi|1360372575|gb|CP021259.1|,83.553,Legionella pneumophila
gi|1360372575|gb|CP021259.1|,97.436,Legionella pneumophila
gi|1360372575|gb|CP021259.1|,97.436,Legionella pneumophila
gi|1360372575|gb|CP021259.1|,97.368,Legionella pneumophila
gi|1858684170|gb|CP054780.1|,100,Klebsiella pneumoniae
gi|1886790259|gb|CP059400.1|,96.622,Legionella sp. PC1000
gi|1776262296|gb|CP045974.1|,100,Legionella pneumophila
gi|1810190117|gb|CP048618.1|,100,Legionella pneumophila
gi|1098464851|gb|CP017875.1|,100,Campylobacter coli
gi|1393507009|gb|CP029563.1|,96,Legionella anisa
gi|1686942898|gb|CP040987.1|,100,Legionella pneumophila
gi|1861422370|gb|CP054236.1|,100,Escherichia coli
gi|1540051836|emb|LR134383.1|,100,Legionella jordanis
gi|1700446185|emb|LR607380.1|,100,Klebsiella michiganensis
gi|1850346067|gb|CP054159.1|,97.315,Klebsiella michiganensis
gi|1841322834|gb|CP053245.1|,100,Escherichia coli
gi|1860447451|gb|CP055130.1|,100,Salmonella enterica
gi|1861270058|gb|CP055247.1|,100,Citrobacter freundii
gi|1776262296|gb|CP045974.1|,100,Legionella pneumophila
gi|1776262296|gb|CP045974.1|,100,Legionella pneumophila
gi|1805973041|gb|CP038868.1|,100,Campylobacter coli
gi|1860435371|gb|CP055132.1|,100,Shigella flexneri
gi|1860435371|gb|CP055132.1|,99.324,Shigella flexneri
gi|1860435371|gb|CP055132.1|,99.324,Shigella flexneri
gi|1860435371|gb|CP055132.1|,99.324,Shigella flexneri
gi|1860435371|gb|CP055132.1|,99.324,Shigella flexneri
gi|1860435371|gb|CP055132.1|,98.649,Shigella flexneri
gi|1860435371|gb|CP055132.1|,98.649,Shigella flexneri
gi|1860435371|gb|CP055132.1|,98.649,Shigella flexneri
gi|1860435371|gb|CP055132.1|,98.649,Shigella flexneri
gi|1860435371|gb|CP055132.1|,98.649,Shigella flexneri
gi|1860435371|gb|CP055132.1|,97.973,Shigella flexneri
gi|1860435371|gb|CP055132.1|,97.973,Shigella flexneri
gi|1860435371|gb|CP055132.1|,97.973,Shigella flexneri
gi|1860435371|gb|CP055132.1|,97.297,Shigella flexneri
gi|1393507009|gb|CP029563.1|,93.919,Legionella anisa
gi|1805973041|gb|CP038868.1|,100,Campylobacter coli
gi|1127815138|gb|CP015134.1|,100,Klebsiella pneumoniae
gi|1861260317|gb|CP055231.1|,100,Enterococcus hirae
gi|1850346067|gb|CP054159.1|,100,Klebsiella michiganensis
gi|1862738216|gb|CP055292.1|,100,Shigella sonnei
gi|1700446185|emb|LR607380.1|,100,Klebsiella michiganensis
gi|1850204197|gb|CP054049.1|,100,Yersinia kristensenii
gi|1850346067|gb|CP054159.1|,100,Klebsiella michiganensis
gi|1822107227|gb|CP045308.1|,100,Legionella longbeachae
gi|1850346067|gb|CP054159.1|,100,Klebsiella michiganensis
gi|1393507009|gb|CP029563.1|,91.447,Legionella anisa
gi|1393507009|gb|CP029563.1|,94.04,Legionella anisa
gi|1850346067|gb|CP054159.1|,99.2,Klebsiella michiganensis
gi|1850346067|gb|CP054159.1|,99.338,Klebsiella michiganensis
gi|1880858211|gb|CP056911.1|,100,Citrobacter freundii
gi|1850346067|gb|CP054159.1|,99.338,Klebsiella michiganensis
gi|1560899235|gb|CP035214.1|,100,Klebsiella michiganensis
gi|1850346067|gb|CP054159.1|,100,Klebsiella michiganensis
gi|1805973041|gb|CP038868.1|,100,Campylobacter coli
gi|1861422370|gb|CP054236.1|,100,Escherichia coli
gi|1778011114|emb|LR735439.1|,96.689,Staphylococcus epidermidis
gi|1850204197|gb|CP054049.1|,100,Yersinia kristensenii
gi|1850331643|gb|CP054063.1|,100,Klebsiella pneumoniae
gi|1850331643|gb|CP054063.1|,93.506,Klebsiella pneumoniae
gi|1850331643|gb|CP054063.1|,96.154,Klebsiella pneumoniae
gi|1850331643|gb|CP054063.1|,97.872,Klebsiella pneumoniae
gi|1850331643|gb|CP054063.1|,97.368,Klebsiella pneumoniae
gi|1850331643|gb|CP054063.1|,100,Klebsiella pneumoniae
gi|1850331643|gb|CP054063.1|,95,Klebsiella pneumoniae
gi|1850331643|gb|CP054063.1|,97.297,Klebsiella pneumoniae
gi|1850331643|gb|CP054063.1|,93.182,Klebsiella pneumoniae
gi|1850331643|gb|CP054063.1|,97.059,Klebsiella pneumoniae
gi|589296254|gb|CP007183.1|,100,Campylobacter coli RM1875
gi|1213435705|gb|CP022151.1|,100,Citrobacter freundii
gi|1393507009|gb|CP029563.1|,93.919,Legionella anisa
gi|1342688575|gb|CP014067.2|,100,Enterococcus gallinarum
gi|1776262296|gb|CP045974.1|,100,Legionella pneumophila
gi|1776262296|gb|CP045974.1|,100,Legionella pneumophila
gi|1861422370|gb|CP054236.1|,100,Escherichia coli
gi|1776262296|gb|CP045974.1|,100,Legionella pneumophila
gi|1836702673|gb|CP052058.1|,100,Citrobacter freundii
gi|1777963221|gb|CP046123.1|,100,Enterococcus casseliflavus
gi|1861270058|gb|CP055247.1|,100,Citrobacter freundii
gi|1822107227|gb|CP045308.1|,100,Legionella longbeachae
gi|1776262296|gb|CP045974.1|,100,Legionella pneumophila
gi|1886790259|gb|CP059400.1|,90.604,Legionella sp. PC1000
gi|1393507009|gb|CP029563.1|,92.647,Legionella anisa
gi|1776262296|gb|CP045974.1|,100,Legionella pneumophila
gi|1850346067|gb|CP054159.1|,100,Klebsiella michiganensis
gi|1700446172|emb|LR607367.1|,100,Klebsiella michiganensis
gi|1776262296|gb|CP045974.1|,100,Legionella pneumophila
gi|1776262296|gb|CP045974.1|,100,Legionella pneumophila
gi|1861422370|gb|CP054236.1|,100,Escherichia coli
gi|1861334377|gb|CP053702.1|,100,Salmonella enterica subsp. enterica serovar Typhi
gi|1810190117|gb|CP048618.1|,100,Legionella pneumophila
gi|1776262296|gb|CP045974.1|,100,Legionella pneumophila
gi|1858684170|gb|CP054780.1|,100,Klebsiella pneumoniae
gi|1860447451|gb|CP055130.1|,100,Salmonella enterica
gi|1860439344|gb|CP055138.1|,99.342,Shigella flexneri
gi|1861403979|gb|CP054224.1|,99.338,Escherichia coli
gi|1776262296|gb|CP045974.1|,100,Legionella pneumophila
gi|1860447451|gb|CP055130.1|,100,Salmonella enterica
gi|1861334377|gb|CP053702.1|,100,Salmonella enterica subsp. enterica serovar Typhi
gi|1861422370|gb|CP054236.1|,100,Escherichia coli
gi|1850346067|gb|CP054159.1|,99.265,Klebsiella michiganensis
gi|1213435705|gb|CP022151.1|,100,Citrobacter freundii
gi|1706514752|gb|CP041515.1|,100,Klebsiella michiganensis
gi|1633382257|gb|CP035454.1|,100,Streptococcus pyogenes
gi|1774380927|gb|CP045791.1|,100,Campylobacter coli
gi|1861422370|gb|CP054236.1|,100,Escherichia coli
gi|1861422370|gb|CP054236.1|,100,Escherichia coli
gi|1850204197|gb|CP054049.1|,100,Yersinia kristensenii
gi|1861270058|gb|CP055247.1|,100,Citrobacter freundii
gi|1700446174|emb|LR607369.1|,100,Klebsiella michiganensis
gi|1752751059|gb|CP044175.1|,100,Campylobacter coli
gi|1850346067|gb|CP054159.1|,98.507,Klebsiella michiganensis
gi|1886790259|gb|CP059400.1|,96.689,Legionella sp. PC1000
gi|1540051836|emb|LR134383.1|,100,Legionella jordanis
gi|1862738216|gb|CP055292.1|,100,Shigella sonnei
gi|1393507009|gb|CP029563.1|,95,Legionella anisa
gi|1822107227|gb|CP045308.1|,100,Legionella longbeachae
gi|1822107227|gb|CP045308.1|,100,Legionella longbeachae
gi|1836702673|gb|CP052058.1|,99.338,Citrobacter freundii
gi|1850346067|gb|CP054159.1|,100,Klebsiella michiganensis
gi|1861422370|gb|CP054236.1|,100,Escherichia coli
gi|1850346067|gb|CP054159.1|,100,Klebsiella michiganensis
gi|1861422370|gb|CP054236.1|,98.013,Escherichia coli
gi|1850346067|gb|CP054159.1|,100,Klebsiella michiganensis
gi|1860447451|gb|CP055130.1|,100,Salmonella enterica
gi|1393507009|gb|CP029563.1|,91.275,Legionella anisa
gi|1850204197|gb|CP054049.1|,99.338,Yersinia kristensenii
gi|1850346067|gb|CP054159.1|,100,Klebsiella michiganensis
gi|1829791393|emb|LR792487.1|,100,Salmonella enterica subsp. enterica serovar Typhimurium
gi|1806841634|gb|CP048382.1|,100,Citrobacter freundii
gi|1776262296|gb|CP045974.1|,100,Legionella pneumophila
gi|1706514752|gb|CP041515.1|,99.338,Klebsiella michiganensis
gi|1861270058|gb|CP055247.1|,100,Citrobacter freundii
gi|1836702673|gb|CP052058.1|,100,Citrobacter freundii
gi|1861270058|gb|CP055247.1|,100,Citrobacter freundii
gi|1758980947|gb|CP042545.1|,100,Klebsiella michiganensis
gi|1801992258|gb|CP024643.1|,100,Klebsiella michiganensis
gi|1850204197|gb|CP054049.1|,98.684,Yersinia kristensenii
gi|1837601911|gb|CP052268.1|,100,Klebsiella pneumoniae
gi|1706514752|gb|CP041515.1|,100,Klebsiella michiganensis
gi|1801992258|gb|CP024643.1|,100,Klebsiella michiganensis
gi|1706514752|gb|CP041515.1|,100,Klebsiella michiganensis
gi|1796070913|gb|CP047307.1|,100,Citrobacter freundii
gi|1777963221|gb|CP046123.1|,100,Enterococcus casseliflavus
gi|1780482438|gb|CP046347.1|,100,Citrobacter portucalensis
gi|1780482438|gb|CP046347.1|,100,Citrobacter portucalensis
gi|1858684170|gb|CP054780.1|,100,Klebsiella pneumoniae
gi|1858828692|gb|CP054942.1|,100,Escherichia coli
gi|1861422227|gb|CP054233.1|,100,Escherichia coli
gi|1700446177|emb|LR607372.1|,100,Enterococcus durans
gi|1213435705|gb|CP022151.1|,100,Citrobacter freundii
gi|1858684170|gb|CP054780.1|,100,Klebsiella pneumoniae
gi|1776262296|gb|CP045974.1|,100,Legionella pneumophila
gi|1850346067|gb|CP054159.1|,100,Klebsiella michiganensis
gi|1850346067|gb|CP054159.1|,100,Klebsiella michiganensis
gi|589292694|gb|CP007181.1|,100,Campylobacter coli RM4661
gi|1847731351|gb|CP053854.1|,100,Campylobacter jejuni
gi|1860447266|gb|CP055125.1|,100,Shigella flexneri
gi|1860447266|gb|CP055125.1|,100,Shigella flexneri
gi|1776262296|gb|CP045974.1|,100,Legionella pneumophila
gi|1776262296|gb|CP045974.1|,100,Legionella pneumophila
gi|1858684170|gb|CP054780.1|,100,Klebsiella pneumoniae
gi|1850204197|gb|CP054049.1|,100,Yersinia kristensenii
gi|1805973041|gb|CP038868.1|,100,Campylobacter coli
gi|1845952913|gb|CP053573.1|,100,Citrobacter sp. TSA-1
gi|1213435705|gb|CP022151.1|,100,Citrobacter freundii
gi|1850204197|gb|CP054049.1|,97.973,Yersinia kristensenii
gi|1810190117|gb|CP048618.1|,100,Legionella pneumophila
gi|1231699112|emb|LT906451.1|,100,Legionella lansingensis
gi|1360372999|gb|CP021287.1|,95.364,Legionella pneumophila subsp. pneumophila
gi|1850346067|gb|CP054159.1|,100,Klebsiella michiganensis
gi|159157940|dbj|AB297474.1|,88.079,Fluoribacter dumoffii Tex-KL
gi|1860447451|gb|CP055130.1|,100,Salmonella enterica
gi|1850346067|gb|CP054159.1|,99.338,Klebsiella michiganensis
gi|159157940|dbj|AB297474.1|,100,Fluoribacter dumoffii Tex-KL
gi|1850204197|gb|CP054049.1|,99.338,Yersinia kristensenii
gi|1886790259|gb|CP059400.1|,94.186,Legionella sp. PC1000
gi|1822107227|gb|CP045308.1|,100,Legionella longbeachae
gi|1822107227|gb|CP045308.1|,89.333,Legionella longbeachae
gi|1822107227|gb|CP045308.1|,89.744,Legionella longbeachae
gi|1850346067|gb|CP054159.1|,100,Klebsiella michiganensis
gi|1850346067|gb|CP054159.1|,100,Klebsiella michiganensis
gi|1805973041|gb|CP038868.1|,100,Campylobacter coli
gi|1850346067|gb|CP054159.1|,100,Klebsiella michiganensis
gi|1836698516|gb|CP052057.1|,100,Escherichia coli
gi|1861270058|gb|CP055247.1|,100,Citrobacter freundii
gi|1706514752|gb|CP041515.1|,100,Klebsiella michiganensis
gi|1850346067|gb|CP054159.1|,100,Klebsiella michiganensis
gi|1344860167|gb|CP026715.1|,97.351,Klebsiella oxytoca
gi|1850346067|gb|CP054159.1|,100,Klebsiella michiganensis
gi|1231699112|emb|LT906451.1|,100,Legionella lansingensis
gi|1861270058|gb|CP055247.1|,98.058,Citrobacter freundii
gi|1776262296|gb|CP045974.1|,100,Legionella pneumophila
gi|1850346067|gb|CP054159.1|,100,Klebsiella michiganensis
gi|1850346067|gb|CP054159.1|,100,Klebsiella michiganensis
gi|1776262296|gb|CP045974.1|,100,Legionella pneumophila
gi|1805973041|gb|CP038868.1|,100,Campylobacter coli
gi|1384500677|gb|CP029141.1|,100,Klebsiella michiganensis
gi|1861270058|gb|CP055247.1|,100,Citrobacter freundii
gi|1861270058|gb|CP055247.1|,96.689,Citrobacter freundii
gi|1861270058|gb|CP055247.1|,100,Citrobacter freundii
gi|1861270058|gb|CP055247.1|,100,Citrobacter freundii
gi|1836702673|gb|CP052058.1|,100,Citrobacter freundii
gi|1850346067|gb|CP054159.1|,100,Klebsiella michiganensis
gi|1822107227|gb|CP045308.1|,100,Legionella longbeachae
gi|1393507009|gb|CP029563.1|,87.912,Legionella anisa
gi|1393507009|gb|CP029563.1|,87.097,Legionella anisa
gi|1393507009|gb|CP029563.1|,97.368,Legionella anisa
gi|1393507009|gb|CP029563.1|,100,Legionella anisa
gi|1393507009|gb|CP029563.1|,95.122,Legionella anisa
gi|1393507009|gb|CP029563.1|,97.368,Legionella anisa
gi|1393507009|gb|CP029563.1|,100,Legionella anisa
gi|1393507009|gb|CP029563.1|,100,Legionella anisa
gi|1393507009|gb|CP029563.1|,100,Legionella anisa
gi|1393507009|gb|CP029563.1|,100,Legionella anisa
gi|1393507009|gb|CP029563.1|,96.774,Legionella anisa
gi|1393507009|gb|CP029563.1|,93.382,Legionella anisa
gi|1854734663|gb|CP050332.1|,100,Pseudomonas aeruginosa
gi|1850346067|gb|CP054159.1|,100,Klebsiella michiganensis
gi|1886790259|gb|CP059400.1|,92.715,Legionella sp. PC1000
gi|1850346067|gb|CP054159.1|,99.338,Klebsiella michiganensis
gi|1231699112|emb|LT906451.1|,100,Legionella lansingensis
gi|1850204197|gb|CP054049.1|,100,Yersinia kristensenii
gi|1861274633|gb|CP055248.1|,100,Citrobacter freundii
gi|1540051836|emb|LR134383.1|,99.213,Legionella jordanis
gi|1850204197|gb|CP054049.1|,100,Yersinia kristensenii
gi|1861422370|gb|CP054236.1|,100,Escherichia coli
gi|1862738216|gb|CP055292.1|,99.329,Shigella sonnei
gi|1805973041|gb|CP038868.1|,100,Campylobacter coli
gi|1886790259|gb|CP059400.1|,96.689,Legionella sp. PC1000
gi|1850204197|gb|CP054049.1|,100,Yersinia kristensenii
gi|1818835183|gb|CP049015.1|,100,Citrobacter freundii ATCC 8090 = MTCC 1658 = NBRC 12681
gi|1861417655|gb|CP054232.1|,100,Escherichia coli
gi|1860447451|gb|CP055130.1|,100,Salmonella enterica
gi|1843789473|gb|MN543585.1|,100,Klebsiella pneumoniae
gi|1850188584|gb|CP054043.1|,88.889,Yersinia mollaretii ATCC 43969
gi|1850204197|gb|CP054049.1|,100,Yersinia kristensenii
gi|1213435705|gb|CP022151.1|,100,Citrobacter freundii
gi|1941815536|gb|CP047774.1|,98.013,Citrobacter freundii
gi|1850346067|gb|CP054159.1|,100,Klebsiella michiganensis
gi|1776262296|gb|CP045974.1|,100,Legionella pneumophila
gi|1721731737|gb|CP020894.3|,100,Legionella longbeachae
gi|1706514752|gb|CP041515.1|,98.675,Klebsiella michiganensis
gi|1804509562|gb|CP048108.1|,100,Klebsiella michiganensis
gi|1776262296|gb|CP045974.1|,100,Legionella pneumophila
gi|1776262296|gb|CP045974.1|,100,Legionella pneumophila
gi|1850346067|gb|CP054159.1|,99.338,Klebsiella michiganensis
gi|1393507009|gb|CP029563.1|,91.391,Legionella anisa
gi|1393507009|gb|CP029563.1|,91.892,Legionella anisa
gi|1393507009|gb|CP029563.1|,91.892,Legionella anisa
gi|1393507009|gb|CP029563.1|,91.391,Legionella anisa
gi|1393507009|gb|CP029563.1|,91.892,Legionella anisa
gi|1393507009|gb|CP029563.1|,91.391,Legionella anisa
gi|1393507009|gb|CP029563.1|,91.391,Legionella anisa
gi|1213435705|gb|CP022151.1|,100,Citrobacter freundii
gi|1776262296|gb|CP045974.1|,100,Legionella pneumophila
gi|1818835183|gb|CP049015.1|,100,Citrobacter freundii ATCC 8090 = MTCC 1658 = NBRC 12681
gi|1850346067|gb|CP054159.1|,100,Klebsiella michiganensis
gi|1858684170|gb|CP054780.1|,100,Klebsiella pneumoniae
gi|1700446174|emb|LR607369.1|,100,Klebsiella michiganensis
gi|1860447451|gb|CP055130.1|,100,Salmonella enterica
gi|1776262296|gb|CP045974.1|,100,Legionella pneumophila
gi|1700446156|emb|LR607351.1|,100,Klebsiella michiganensis
gi|1833267541|gb|CP043530.1|,100,Streptococcus pyogenes
gi|1886790259|gb|CP059400.1|,83.607,Legionella sp. PC1000
gi|1822107227|gb|CP045308.1|,99.091,Legionella longbeachae
gi|1861422370|gb|CP054236.1|,100,Escherichia coli
gi|1801992258|gb|CP024643.1|,100,Klebsiella michiganensis
gi|1836702673|gb|CP052058.1|,100,Citrobacter freundii
gi|1860447451|gb|CP055130.1|,100,Salmonella enterica
gi|1850346067|gb|CP054159.1|,98.675,Klebsiella michiganensis
gi|1836702673|gb|CP052058.1|,100,Citrobacter freundii
gi|1836702673|gb|CP052058.1|,100,Citrobacter freundii
gi|1837835786|gb|CP048920.1|,100,Escherichia coli
gi|1861394031|gb|CP054214.1|,100,Escherichia coli
gi|1700446177|emb|LR607372.1|,99.338,Enterococcus durans
gi|1776262296|gb|CP045974.1|,100,Legionella pneumophila
gi|1850346067|gb|CP054159.1|,99.338,Klebsiella michiganensis
gi|1850204197|gb|CP054049.1|,100,Yersinia kristensenii
gi|1958333588|gb|CP068132.1|,100,Enterococcus casseliflavus
gi|1776262296|gb|CP045974.1|,100,Legionella pneumophila
gi|1861334377|gb|CP053702.1|,100,Salmonella enterica subsp. enterica serovar Typhi
gi|1836698516|gb|CP052057.1|,99.338,Escherichia coli
gi|1540051836|emb|LR134383.1|,100,Legionella jordanis
gi|1776262296|gb|CP045974.1|,100,Legionella pneumophila
gi|1860447451|gb|CP055130.1|,99.338,Salmonella enterica
gi|1886790259|gb|CP059400.1|,93.377,Legionella sp. PC1000
gi|1805973041|gb|CP038868.1|,100,Campylobacter coli
gi|1861270058|gb|CP055247.1|,100,Citrobacter freundii
gi|1706514752|gb|CP041515.1|,100,Klebsiella michiganensis
gi|1776262296|gb|CP045974.1|,100,Legionella pneumophila
gi|1700446171|emb|LR607366.1|,100,Klebsiella michiganensis
gi|1860439344|gb|CP055138.1|,100,Shigella flexneri
gi|874565537|emb|LN853085.1|,98.947,uncultured prokaryote
gi|1752751059|gb|CP044175.1|,100,Campylobacter coli
gi|1861422370|gb|CP054236.1|,100,Escherichia coli
gi|1836702673|gb|CP052058.1|,100,Citrobacter freundii
gi|1837612818|gb|CP052224.1|,100,Klebsiella pneumoniae
gi|1886790259|gb|CP059400.1|,95.364,Legionella sp. PC1000
gi|1861270058|gb|CP055247.1|,100,Citrobacter freundii
gi|1776262296|gb|CP045974.1|,100,Legionella pneumophila
gi|1861270058|gb|CP055247.1|,98.675,Citrobacter freundii
gi|1836702673|gb|CP052058.1|,100,Citrobacter freundii
gi|1850346067|gb|CP054159.1|,100,Klebsiella michiganensis
gi|1776262296|gb|CP045974.1|,100,Legionella pneumophila
gi|1776262296|gb|CP045974.1|,100,Legionella pneumophila
gi|1776262296|gb|CP045974.1|,100,Legionella pneumophila
gi|1810190117|gb|CP048618.1|,100,Legionella pneumophila
gi|1822107227|gb|CP045308.1|,93.846,Legionella longbeachae
gi|1758980947|gb|CP042545.1|,100,Klebsiella michiganensis
gi|1810190117|gb|CP048618.1|,100,Legionella pneumophila
gi|1518976702|gb|CP033744.1|,100,Citrobacter freundii
gi|1861422370|gb|CP054236.1|,100,Escherichia coli
gi|1393507009|gb|CP029563.1|,92.053,Legionella anisa
gi|1860447451|gb|CP055130.1|,100,Salmonella enterica
gi|1267021649|gb|CP023962.1|,88.816,Yersinia frederiksenii
gi|1267021649|gb|CP023962.1|,92.982,Yersinia frederiksenii
gi|1883296556|gb|CP055934.1|,100,Escherichia coli
gi|1822107227|gb|CP045308.1|,100,Legionella longbeachae
gi|159157940|dbj|AB297474.1|,100,Fluoribacter dumoffii Tex-KL
gi|1213435705|gb|CP022151.1|,100,Citrobacter freundii
gi|1860447451|gb|CP055130.1|,100,Salmonella enterica
gi|1776262296|gb|CP045974.1|,100,Legionella pneumophila
gi|1776262296|gb|CP045974.1|,100,Legionella pneumophila
gi|1886790259|gb|CP059400.1|,92.969,Legionella sp. PC1000
gi|1850204197|gb|CP054049.1|,100,Yersinia kristensenii
gi|1861417655|gb|CP054232.1|,100,Escherichia coli
gi|1706514752|gb|CP041515.1|,100,Klebsiella michiganensis
gi|1098464851|gb|CP017875.1|,100,Campylobacter coli
gi|1886790259|gb|CP059400.1|,94.203,Legionella sp. PC1000
gi|1836698516|gb|CP052057.1|,100,Escherichia coli
gi|1847731351|gb|CP053854.1|,98.246,Campylobacter jejuni
gi|1776262296|gb|CP045974.1|,100,Legionella pneumophila
gi|1850346067|gb|CP054159.1|,100,Klebsiella michiganensis
gi|1861422370|gb|CP054236.1|,100,Escherichia coli
gi|1858684170|gb|CP054780.1|,100,Klebsiella pneumoniae
gi|1861422370|gb|CP054236.1|,100,Escherichia coli
gi|1880278088|gb|CP056581.1|,98.876,Klebsiella oxytoca
gi|1880278088|gb|CP056581.1|,97.753,Klebsiella oxytoca
gi|1880278088|gb|CP056581.1|,93.548,Klebsiella oxytoca
gi|1776262296|gb|CP045974.1|,100,Legionella pneumophila
gi|1804509562|gb|CP048108.1|,100,Klebsiella michiganensis
gi|1818835183|gb|CP049015.1|,100,Citrobacter freundii ATCC 8090 = MTCC 1658 = NBRC 12681
gi|1806841634|gb|CP048382.1|,100,Citrobacter freundii
gi|1518976702|gb|CP033744.1|,100,Citrobacter freundii
gi|1810190117|gb|CP048618.1|,100,Legionella pneumophila
gi|1231699112|emb|LT906451.1|,100,Legionella lansingensis
gi|1758980947|gb|CP042545.1|,100,Klebsiella michiganensis
gi|1861270058|gb|CP055247.1|,100,Citrobacter freundii
gi|1805973041|gb|CP038868.1|,100,Campylobacter coli
gi|1837612818|gb|CP052224.1|,100,Klebsiella pneumoniae
gi|1861270058|gb|CP055247.1|,100,Citrobacter freundii
gi|1751015633|gb|CP044109.1|,100,Klebsiella michiganensis
gi|1751015633|gb|CP044109.1|,95.455,Klebsiella michiganensis
gi|1850346067|gb|CP054159.1|,99.338,Klebsiella michiganensis
gi|1231699112|emb|LT906451.1|,100,Legionella lansingensis
gi|1822107227|gb|CP045308.1|,100,Legionella longbeachae
gi|1861422370|gb|CP054236.1|,100,Escherichia coli
gi|1850346067|gb|CP054159.1|,100,Klebsiella michiganensis
gi|1540051836|emb|LR134383.1|,100,Legionella jordanis
gi|1836702673|gb|CP052058.1|,100,Citrobacter freundii
gi|1862738216|gb|CP055292.1|,100,Shigella sonnei
gi|1776262296|gb|CP045974.1|,100,Legionella pneumophila
gi|1752751059|gb|CP044175.1|,100,Campylobacter coli
gi|1231699112|emb|LT906451.1|,100,Legionella lansingensis
gi|1633273261|gb|CP028928.1|,100,Lactobacillus sp. Koumiss
gi|1540051836|emb|LR134383.1|,100,Legionella jordanis
gi|1861422370|gb|CP054236.1|,100,Escherichia coli
gi|1836702673|gb|CP052058.1|,100,Citrobacter freundii
gi|1861270058|gb|CP055247.1|,100,Citrobacter freundii
gi|1880858211|gb|CP056911.1|,100,Citrobacter freundii
gi|1822107227|gb|CP045308.1|,100,Legionella longbeachae
gi|1850204197|gb|CP054049.1|,81.102,Yersinia kristensenii
gi|1861270058|gb|CP055247.1|,100,Citrobacter freundii
gi|1758980947|gb|CP042545.1|,100,Klebsiella michiganensis
gi|1850346067|gb|CP054159.1|,100,Klebsiella michiganensis
gi|1776262296|gb|CP045974.1|,100,Legionella pneumophila
gi|1860447451|gb|CP055130.1|,100,Salmonella enterica
gi|1801992258|gb|CP024643.1|,100,Klebsiella michiganensis
gi|1850346067|gb|CP054159.1|,100,Klebsiella michiganensis
gi|1862738216|gb|CP055292.1|,100,Shigella sonnei
gi|1861270058|gb|CP055247.1|,100,Citrobacter freundii
gi|1776262296|gb|CP045974.1|,100,Legionella pneumophila
gi|1886790259|gb|CP059400.1|,91.333,Legionella sp. PC1000
gi|1393507009|gb|CP029563.1|,93.636,Legionella anisa
gi|1393507009|gb|CP029563.1|,93.377,Legionella anisa
gi|1213435705|gb|CP022151.1|,100,Citrobacter freundii
gi|1860443381|gb|CP055124.1|,99.338,Shigella flexneri
gi|1850346067|gb|CP054159.1|,98.675,Klebsiella michiganensis
gi|1860447451|gb|CP055130.1|,100,Salmonella enterica
gi|1822107227|gb|CP045308.1|,99.048,Legionella longbeachae
gi|1850346067|gb|CP054159.1|,100,Klebsiella michiganensis
gi|1393507009|gb|CP029563.1|,88.276,Legionella anisa
gi|1801992258|gb|CP024643.1|,100,Klebsiella michiganensis
gi|1850204197|gb|CP054049.1|,100,Yersinia kristensenii
gi|1850204197|gb|CP054049.1|,88.079,Yersinia kristensenii
gi|159157940|dbj|AB297474.1|,96.689,Fluoribacter dumoffii Tex-KL
gi|1804509562|gb|CP048108.1|,100,Klebsiella michiganensis
gi|1804509562|gb|CP048108.1|,82.308,Klebsiella michiganensis
gi|1861403979|gb|CP054224.1|,100,Escherichia coli
gi|1810190117|gb|CP048618.1|,99.338,Legionella pneumophila
gi|1686942898|gb|CP040987.1|,100,Legionella pneumophila
gi|1860439344|gb|CP055138.1|,99.338,Shigella flexneri
gi|1862738216|gb|CP055292.1|,100,Shigella sonnei
gi|1862738216|gb|CP055292.1|,88.506,Shigella sonnei
gi|1862738216|gb|CP055292.1|,88.372,Shigella sonnei
gi|1862738216|gb|CP055292.1|,86.517,Shigella sonnei
gi|1862738216|gb|CP055292.1|,97.619,Shigella sonnei
gi|1862738216|gb|CP055292.1|,97.561,Shigella sonnei
gi|1862738216|gb|CP055292.1|,97.561,Shigella sonnei
gi|1862738216|gb|CP055292.1|,97.5,Shigella sonnei
gi|1862738216|gb|CP055292.1|,97.5,Shigella sonnei
gi|1862738216|gb|CP055292.1|,97.5,Shigella sonnei
gi|1862738216|gb|CP055292.1|,95.238,Shigella sonnei
gi|1862738216|gb|CP055292.1|,97.436,Shigella sonnei
gi|1862738216|gb|CP055292.1|,97.368,Shigella sonnei
gi|1862738216|gb|CP055292.1|,97.368,Shigella sonnei
gi|1862738216|gb|CP055292.1|,95.122,Shigella sonnei
gi|1862738216|gb|CP055292.1|,97.297,Shigella sonnei
gi|1862738216|gb|CP055292.1|,97.222,Shigella sonnei
gi|1862738216|gb|CP055292.1|,97.222,Shigella sonnei
gi|1862738216|gb|CP055292.1|,97.222,Shigella sonnei
gi|1862738216|gb|CP055292.1|,97.143,Shigella sonnei
gi|1862738216|gb|CP055292.1|,97.143,Shigella sonnei
gi|1862738216|gb|CP055292.1|,94.737,Shigella sonnei
gi|1862738216|gb|CP055292.1|,94.872,Shigella sonnei
gi|1862738216|gb|CP055292.1|,97.143,Shigella sonnei
gi|1862738216|gb|CP055292.1|,94.444,Shigella sonnei
gi|1862738216|gb|CP055292.1|,94.286,Shigella sonnei
gi|1822107227|gb|CP045308.1|,100,Legionella longbeachae
gi|1861270058|gb|CP055247.1|,100,Citrobacter freundii
gi|1850346067|gb|CP054159.1|,99.338,Klebsiella michiganensis
gi|1860447451|gb|CP055130.1|,99.338,Salmonella enterica
gi|1850204197|gb|CP054049.1|,100,Yersinia kristensenii
gi|1393507009|gb|CP029563.1|,95.27,Legionella anisa
gi|1861422370|gb|CP054236.1|,100,Escherichia coli
gi|1860447451|gb|CP055130.1|,100,Salmonella enterica
gi|1886790259|gb|CP059400.1|,97.333,Legionella sp. PC1000
gi|1861270058|gb|CP055247.1|,100,Citrobacter freundii
gi|1861422370|gb|CP054236.1|,100,Escherichia coli
gi|1780987578|gb|CP046334.1|,100,Aerococcus viridans
gi|1780987578|gb|CP046334.1|,100,Aerococcus viridans
gi|1780987578|gb|CP046334.1|,100,Aerococcus viridans
gi|1780987578|gb|CP046334.1|,100,Aerococcus viridans
gi|1780987578|gb|CP046334.1|,100,Aerococcus viridans
gi|1780987578|gb|CP046334.1|,100,Aerococcus viridans
gi|1780987578|gb|CP046334.1|,100,Aerococcus viridans
gi|1780987578|gb|CP046334.1|,99.338,Aerococcus viridans
gi|1780987578|gb|CP046334.1|,98.667,Aerococcus viridans
gi|1776262296|gb|CP045974.1|,100,Legionella pneumophila
gi|874565537|emb|LN853085.1|,93.75,uncultured prokaryote
gi|1776262296|gb|CP045974.1|,100,Legionella pneumophila
gi|1700446171|emb|LR607366.1|,100,Klebsiella michiganensis
gi|1886790259|gb|CP059400.1|,95,Legionella sp. PC1000
gi|1861270058|gb|CP055247.1|,100,Citrobacter freundii
gi|1267021649|gb|CP023962.1|,88.816,Yersinia frederiksenii
gi|1267021649|gb|CP023962.1|,92.982,Yersinia frederiksenii
gi|1861422370|gb|CP054236.1|,100,Escherichia coli
gi|1751015633|gb|CP044109.1|,100,Klebsiella michiganensis
gi|1540051836|emb|LR134383.1|,100,Legionella jordanis
gi|1822107227|gb|CP045308.1|,100,Legionella longbeachae
gi|1850204197|gb|CP054049.1|,100,Yersinia kristensenii
gi|1860447451|gb|CP055130.1|,100,Salmonella enterica
gi|1836702673|gb|CP052058.1|,100,Citrobacter freundii
gi|1776262296|gb|CP045974.1|,100,Legionella pneumophila
gi|1860443381|gb|CP055124.1|,100,Shigella flexneri
gi|1861422370|gb|CP054236.1|,100,Escherichia coli
gi|1850346067|gb|CP054159.1|,100,Klebsiella michiganensis
gi|1860447451|gb|CP055130.1|,100,Salmonella enterica
gi|1706514752|gb|CP041515.1|,100,Klebsiella michiganensis
gi|1700446174|emb|LR607369.1|,99.338,Klebsiella michiganensis
gi|1861422370|gb|CP054236.1|,100,Escherichia coli
gi|1776262296|gb|CP045974.1|,100,Legionella pneumophila
gi|1818835183|gb|CP049015.1|,99.338,Citrobacter freundii ATCC 8090 = MTCC 1658 = NBRC 12681
gi|1231699112|emb|LT906451.1|,100,Legionella lansingensis
gi|1686942898|gb|CP040987.1|,100,Legionella pneumophila
gi|1805973041|gb|CP038868.1|,100,Campylobacter coli
gi|1801992258|gb|CP024643.1|,98.675,Klebsiella michiganensis
gi|1801992258|gb|CP024643.1|,95.745,Klebsiella michiganensis
gi|1801992258|gb|CP024643.1|,95.745,Klebsiella michiganensis
gi|1801992258|gb|CP024643.1|,92,Klebsiella michiganensis
gi|1801992258|gb|CP024643.1|,93.617,Klebsiella michiganensis
gi|1801992258|gb|CP024643.1|,100,Klebsiella michiganensis
gi|1861270058|gb|CP055247.1|,100,Citrobacter freundii
gi|1861284288|gb|CP055262.1|,100,Escherichia coli
gi|1861284288|gb|CP055262.1|,100,Escherichia coli
gi|1758980947|gb|CP042545.1|,99.301,Klebsiella michiganensis
gi|1776262296|gb|CP045974.1|,100,Legionella pneumophila
gi|1751015633|gb|CP044109.1|,99.338,Klebsiella michiganensis
gi|1861270058|gb|CP055247.1|,100,Citrobacter freundii
gi|1758980947|gb|CP042545.1|,100,Klebsiella michiganensis
gi|1776262296|gb|CP045974.1|,100,Legionella pneumophila
gi|1861403979|gb|CP054224.1|,100,Escherichia coli
gi|1393507009|gb|CP029563.1|,94.04,Legionella anisa
gi|1776262296|gb|CP045974.1|,100,Legionella pneumophila
gi|1213435705|gb|CP022151.1|,100,Citrobacter freundii
gi|1393507009|gb|CP029563.1|,90.728,Legionella anisa
gi|1804509562|gb|CP048108.1|,98.675,Klebsiella michiganensis
gi|1860447451|gb|CP055130.1|,100,Salmonella enterica
gi|1861422370|gb|CP054236.1|,100,Escherichia coli
gi|1700446174|emb|LR607369.1|,100,Klebsiella michiganensis
gi|1822107227|gb|CP045308.1|,100,Legionella longbeachae
gi|1860447451|gb|CP055130.1|,100,Salmonella enterica
gi|1861270058|gb|CP055247.1|,100,Citrobacter freundii
gi|1880858211|gb|CP056911.1|,100,Citrobacter freundii
gi|1476588186|gb|CP032159.1|,99.338,Staphylococcus warneri
gi|1860447451|gb|CP055130.1|,100,Salmonella enterica
gi|1633273261|gb|CP028928.1|,100,Lactobacillus sp. Koumiss
gi|1633273261|gb|CP028928.1|,100,Lactobacillus sp. Koumiss
gi|1633273261|gb|CP028928.1|,100,Lactobacillus sp. Koumiss
gi|1633273261|gb|CP028928.1|,100,Lactobacillus sp. Koumiss
gi|1633273261|gb|CP028928.1|,100,Lactobacillus sp. Koumiss
gi|1633273261|gb|CP028928.1|,100,Lactobacillus sp. Koumiss
gi|1633273261|gb|CP028928.1|,99.315,Lactobacillus sp. Koumiss
gi|1633273261|gb|CP028928.1|,99.315,Lactobacillus sp. Koumiss
gi|1633273261|gb|CP028928.1|,99.315,Lactobacillus sp. Koumiss
gi|1633273261|gb|CP028928.1|,99.315,Lactobacillus sp. Koumiss
gi|1633273261|gb|CP028928.1|,99.315,Lactobacillus sp. Koumiss
gi|1633273261|gb|CP028928.1|,99.315,Lactobacillus sp. Koumiss
gi|1633273261|gb|CP028928.1|,99.315,Lactobacillus sp. Koumiss
gi|1633273261|gb|CP028928.1|,99.315,Lactobacillus sp. Koumiss
gi|1633273261|gb|CP028928.1|,99.315,Lactobacillus sp. Koumiss
gi|1633273261|gb|CP028928.1|,99.315,Lactobacillus sp. Koumiss
gi|1633273261|gb|CP028928.1|,98.013,Lactobacillus sp. Koumiss
gi|1633273261|gb|CP028928.1|,97.351,Lactobacillus sp. Koumiss
gi|1633273261|gb|CP028928.1|,97.351,Lactobacillus sp. Koumiss
gi|1633273261|gb|CP028928.1|,97.351,Lactobacillus sp. Koumiss
gi|1633273261|gb|CP028928.1|,97.351,Lactobacillus sp. Koumiss
gi|1633273261|gb|CP028928.1|,97.351,Lactobacillus sp. Koumiss
gi|1633273261|gb|CP028928.1|,97.351,Lactobacillus sp. Koumiss
gi|1633273261|gb|CP028928.1|,97.351,Lactobacillus sp. Koumiss
gi|1633273261|gb|CP028928.1|,97.351,Lactobacillus sp. Koumiss
gi|1633273261|gb|CP028928.1|,97.351,Lactobacillus sp. Koumiss
gi|1633273261|gb|CP028928.1|,97.351,Lactobacillus sp. Koumiss
gi|1633273261|gb|CP028928.1|,97.351,Lactobacillus sp. Koumiss
gi|1633273261|gb|CP028928.1|,97.945,Lactobacillus sp. Koumiss
gi|1633273261|gb|CP028928.1|,96.689,Lactobacillus sp. Koumiss
gi|1633273261|gb|CP028928.1|,95.89,Lactobacillus sp. Koumiss
gi|1633273261|gb|CP028928.1|,95.556,Lactobacillus sp. Koumiss
gi|1633273261|gb|CP028928.1|,100,Lactobacillus sp. Koumiss
gi|1633372162|gb|CP035448.1|,100,Streptococcus pyogenes
gi|159157940|dbj|AB297474.1|,100,Fluoribacter dumoffii Tex-KL
gi|1776262296|gb|CP045974.1|,100,Legionella pneumophila
gi|1886790259|gb|CP059400.1|,90.411,Legionella sp. PC1000
gi|1860447451|gb|CP055130.1|,100,Salmonella enterica
gi|1776262296|gb|CP045974.1|,100,Legionella pneumophila
gi|1848626851|gb|CP054017.1|,100,Staphylococcus warneri
gi|1860447451|gb|CP055130.1|,100,Salmonella enterica
gi|1776262296|gb|CP045974.1|,97.561,Legionella pneumophila
gi|1777963221|gb|CP046123.1|,100,Enterococcus casseliflavus
gi|1850204197|gb|CP054049.1|,100,Yersinia kristensenii
gi|1850204197|gb|CP054049.1|,87.302,Yersinia kristensenii
gi|1850204197|gb|CP054049.1|,89.333,Yersinia kristensenii
gi|1850204197|gb|CP054049.1|,85.882,Yersinia kristensenii
gi|1850204197|gb|CP054049.1|,95.833,Yersinia kristensenii
gi|1850204197|gb|CP054049.1|,97.778,Yersinia kristensenii
gi|159157940|dbj|AB297474.1|,100,Fluoribacter dumoffii Tex-KL
gi|1860447451|gb|CP055130.1|,99.338,Salmonella enterica
gi|1860447451|gb|CP055130.1|,100,Salmonella enterica
gi|1860447451|gb|CP055130.1|,97.619,Salmonella enterica
gi|1860447451|gb|CP055130.1|,100,Salmonella enterica
gi|1860443381|gb|CP055124.1|,100,Shigella flexneri
gi|1836698516|gb|CP052057.1|,100,Escherichia coli
gi|1850204197|gb|CP054049.1|,100,Yersinia kristensenii
gi|1822107227|gb|CP045308.1|,100,Legionella longbeachae
gi|1540051836|emb|LR134383.1|,100,Legionella jordanis
gi|1850346067|gb|CP054159.1|,99.338,Klebsiella michiganensis
gi|1822107227|gb|CP045308.1|,99,Legionella longbeachae
gi|1836702673|gb|CP052058.1|,100,Citrobacter freundii
gi|1796070913|gb|CP047307.1|,100,Citrobacter freundii
gi|1706514752|gb|CP041515.1|,100,Klebsiella michiganensis
gi|1823117422|gb|CP050073.1|,100,Enterobacter kobei
gi|1850346067|gb|CP054159.1|,100,Klebsiella michiganensis
gi|1839988035|gb|CP053080.1|,100,Escherichia coli
gi|1798634882|gb|CP047606.1|,100,Citrobacter sp. LUTT5
gi|1861270058|gb|CP055247.1|,100,Citrobacter freundii
gi|1776262296|gb|CP045974.1|,100,Legionella pneumophila
gi|1861422370|gb|CP054236.1|,100,Escherichia coli
gi|1861422370|gb|CP054236.1|,98.148,Escherichia coli
gi|1861422370|gb|CP054236.1|,91.589,Escherichia coli
gi|1861422370|gb|CP054236.1|,91.589,Escherichia coli
gi|1861422370|gb|CP054236.1|,91.589,Escherichia coli
gi|1861422370|gb|CP054236.1|,91.589,Escherichia coli
gi|1861422370|gb|CP054236.1|,91.589,Escherichia coli
gi|1861422370|gb|CP054236.1|,89.815,Escherichia coli
gi|1861422370|gb|CP054236.1|,89.815,Escherichia coli
gi|1822107227|gb|CP045308.1|,100,Legionella longbeachae
gi|1654268075|gb|CP040241.1|,100,Campylobacter coli
gi|1393507009|gb|CP029563.1|,95.455,Legionella anisa
gi|1850346067|gb|CP054159.1|,100,Klebsiella michiganensis
gi|1860447451|gb|CP055130.1|,100,Salmonella enterica
gi|1860447451|gb|CP055130.1|,93.519,Salmonella enterica
gi|1860447451|gb|CP055130.1|,93.519,Salmonella enterica
gi|1860447451|gb|CP055130.1|,93.519,Salmonella enterica
gi|1860447451|gb|CP055130.1|,93.519,Salmonella enterica
gi|1860447451|gb|CP055130.1|,93.519,Salmonella enterica
gi|1860447451|gb|CP055130.1|,93.519,Salmonella enterica
gi|1850346067|gb|CP054159.1|,100,Klebsiella michiganensis
gi|1776262296|gb|CP045974.1|,100,Legionella pneumophila
gi|1861284193|gb|CP055261.1|,100,Escherichia coli
gi|159157940|dbj|AB297474.1|,100,Fluoribacter dumoffii Tex-KL
gi|507145047|gb|KC020049.1|,100,Shigella flexneri
gi|1848939491|gb|CP042882.1|,100,Klebsiella pneumoniae
gi|1862738216|gb|CP055292.1|,100,Shigella sonnei
gi|1850346067|gb|CP054159.1|,100,Klebsiella michiganensis
gi|1796070913|gb|CP047307.1|,100,Citrobacter freundii
gi|1879963142|gb|CP056338.1|,98.113,Citrobacter freundii
gi|1850346067|gb|CP054159.1|,100,Klebsiella michiganensis
gi|1886790259|gb|CP059400.1|,94,Legionella sp. PC1000
gi|1393507009|gb|CP029563.1|,86.093,Legionella anisa
gi|1335984434|gb|CP026238.1|,100,Citrobacter freundii complex sp. CFNIH9
gi|1850346067|gb|CP054159.1|,100,Klebsiella michiganensis
gi|1861270058|gb|CP055247.1|,100,Citrobacter freundii
gi|1861270058|gb|CP055247.1|,100,Citrobacter freundii
gi|1822691575|gb|CP050009.1|,100,Citrobacter sp. Y3
gi|1776262296|gb|CP045974.1|,100,Legionella pneumophila
gi|1850346067|gb|CP054159.1|,99.231,Klebsiella michiganensis
gi|1861270058|gb|CP055247.1|,100,Citrobacter freundii
gi|1822107227|gb|CP045308.1|,100,Legionella longbeachae
gi|1880499651|gb|CP056453.1|,100,Klebsiella oxytoca
gi|1850346067|gb|CP054159.1|,98.675,Klebsiella michiganensis
gi|1776262296|gb|CP045974.1|,100,Legionella pneumophila
gi|1850346067|gb|CP054159.1|,100,Klebsiella michiganensis
gi|1780454088|gb|CP046317.1|,100,Campylobacter coli
gi|1858684170|gb|CP054780.1|,100,Klebsiella pneumoniae
gi|1810190117|gb|CP048618.1|,100,Legionella pneumophila
gi|1540051836|emb|LR134383.1|,100,Legionella jordanis
gi|1861422370|gb|CP054236.1|,100,Escherichia coli
gi|1850204197|gb|CP054049.1|,100,Yersinia kristensenii
gi|1886790259|gb|CP059400.1|,91.096,Legionella sp. PC1000
